{
  "concurrent": {
    "Min": 0,
    "Max": 0,
    "Avg": 9690150836,
    "TPS": 87.82113038307301,
    "Tokens": 212
  },
  "label": "official",
  "single": {
    "Min": 2331200458,
    "Max": 2583734445,
    "Avg": 2471087623,
    "TPS": 88.62494310668157,
    "Tokens": 219
  },
  "timestamp": "2026-05-29T16:52:27+08:00"
}