{
  "Label": "paged",
  "SingleLatency": 1203014116,
  "SingleTokens": 107,
  "SingleTPS": 88.9432622418206,
  "ConcurrentTotalTime": 10360774824,
  "ConcurrentAvgTime": 1036077482,
  "ConcurrentTPS": 87.0591259169711
}