{
  "concurrent": {
    "Min": 0,
    "Max": 0,
    "Avg": 9612715114,
    "TPS": 86.76008704193873,
    "Tokens": 208
  },
  "label": "paged",
  "single": {
    "Min": 2191329304,
    "Max": 2959207724,
    "Avg": 2551427856,
    "TPS": 86.61816538542958,
    "Tokens": 221
  },
  "timestamp": "2026-05-29T16:54:30+08:00"
}